id,first_name,last_name,email,gender,phoneNo
1,Gabby,Ropkins,gropkins0@scribd.com,Male,725-787-0843
2,Dell,Michiel,dmichiel1@ft.com,Male,165-467-2264
3,Hannie,Arnaldy,harnaldy2@elpais.com,Female,984-936-6688
4,Isa,Edinburgh,iedinburgh3@ft.com,Male,870-562-0076
5,Dimitri,Gregoratti,dgregoratti4@homestead.com,Male,704-173-4914
6,Cos,Fausch,cfausch5@tiny.cc,Male,457-107-6027
7,Jean,Steanyng,jsteanyng6@ow.ly,Female,296-564-0749
8,Radcliffe,Rumens,rrumens7@sfgate.com,Male,934-976-8809
9,Kendricks,Semens,ksemens8@ted.com,Male,623-564-2748
10,Clifford,Itschakov,citschakov9@vinaora.com,Male,476-839-1091
11,Kenny,Boldecke,kboldeckea@squarespace.com,Male,369-517-0013
12,Sigmund,Coneybeare,sconeybeareb@ehow.com,Male,289-951-6056
13,Ciro,Vitte,cvittec@reuters.com,Polygender,105-688-7364
14,Yanaton,Wilbraham,ywilbrahamd@virginia.edu,Male,393-335-6721
15,Hestia,Waldron,hwaldrone@nps.gov,Female,832-818-7029
16,Tedda,Enrico,tenricof@etsy.com,Female,319-557-5785
17,Constanta,Origin,coriging@apache.org,Genderfluid,430-296-6153
18,Lyn,Jolley,ljolleyh@state.gov,Male,261-940-7424
19,Griff,Goodley,ggoodleyi@google.com.br,Male,101-497-3799
20,Jolee,Longhi,jlonghij@google.co.uk,Non-binary,271-893-8634
21,Janifer,Smalecombe,jsmalecombek@weibo.com,Female,844-906-9886
22,Cyb,Laroux,clarouxl@uiuc.edu,Female,537-330-9922
23,Jake,Denisard,jdenisardm@youtu.be,Male,500-528-2331
24,Marv,Thuillier,mthuilliern@amazon.co.jp,Male,775-125-9952
25,Sigvard,Scowcroft,sscowcrofto@businessweek.com,Male,339-563-9263
26,Adlai,Mugglestone,amugglestonep@pcworld.com,Male,725-919-7283
27,Misha,Dansey,mdanseyq@npr.org,Female,650-965-7513
28,Dorette,Wadly,dwadlyr@latimes.com,Female,636-678-8644
29,Nichole,Tunbridge,ntunbridges@statcounter.com,Male,734-802-2270
30,Vanya,Iwanowski,viwanowskit@wix.com,Male,273-451-7663
31,Matthaeus,Hinrichs,mhinrichsu@twitter.com,Male,212-645-7278
32,Pris,Calver,pcalverv@fema.gov,Non-binary,129-872-0701
33,Normy,Blandamere,nblandamerew@360.cn,Genderfluid,155-630-2385
34,Nil,Hugnet,nhugnetx@ehow.com,Male,920-874-8675
35,Mikael,Goaks,mgoaksy@wikipedia.org,Male,696-513-9078
36,Mella,Syne,msynez@illinois.edu,Female,999-297-7502
37,Marsiella,Sole,msole10@friendfeed.com,Female,887-926-6258
38,Ardella,Hedau,ahedau11@parallels.com,Female,211-416-9148
39,Ahmad,Gregor,agregor12@dion.ne.jp,Male,455-730-0714
40,Brian,Cattini,bcattini13@ovh.net,Male,937-194-9152
41,Halette,Dyte,hdyte14@lycos.com,Female,591-347-0348
42,Rodrique,Izsak,rizsak15@moonfruit.com,Male,596-805-9896
43,Cherish,Dawid,cdawid16@sina.com.cn,Female,408-960-4649
44,Fanni,McClymond,fmcclymond17@china.com.cn,Female,223-855-8943
45,Benetta,Laird,blaird18@europa.eu,Genderqueer,394-979-1386
46,Gearard,Ramm,gramm19@cyberchimps.com,Genderqueer,727-752-1477
47,Valeda,Cropper,vcropper1a@mysql.com,Female,684-133-3564
48,Cammie,Lumm,clumm1b@fda.gov,Female,660-563-9855
49,Carlo,Honig,chonig1c@com.com,Male,232-261-0399
50,Kerk,Terrington,kterrington1d@google.pl,Male,170-913-6802
51,Elise,Gonsalo,egonsalo1e@cnet.com,Female,540-290-7375
52,Sheri,Tilford,stilford1f@independent.co.uk,Female,321-125-6408
53,Rudd,Zeplin,rzeplin1g@msu.edu,Genderfluid,310-644-4875
54,Philbert,Pallesen,ppallesen1h@yolasite.com,Male,859-335-3107
55,Juline,Hefford,jhefford1i@seattletimes.com,Female,361-704-7745
56,Wallas,Tompkins,wtompkins1j@jigsy.com,Male,740-671-5642
57,Fern,Schuh,fschuh1k@ovh.net,Female,779-560-6922
58,Madlin,Weddeburn,mweddeburn1l@chicagotribune.com,Female,417-349-6352
59,Giorgia,Gudyer,ggudyer1m@topsy.com,Genderfluid,815-180-7505
60,Hannah,Gendrich,hgendrich1n@mozilla.com,Agender,476-332-6444
61,Pinchas,Shotboult,pshotboult1o@japanpost.jp,Male,405-289-9159
62,Esdras,Maffy,emaffy1p@redcross.org,Male,222-570-5846
63,Madelene,Beedom,mbeedom1q@skype.com,Female,470-652-1460
64,Sherwynd,Gendrich,sgendrich1r@slashdot.org,Male,755-832-4694
65,Edwin,Kort,ekort1s@godaddy.com,Male,553-617-5281
66,Jordon,Scargill,jscargill1t@51.la,Male,817-910-3963
67,Klemens,Avramovsky,kavramovsky1u@fc2.com,Male,638-914-0078
68,Marshal,Vaney,mvaney1v@skyrock.com,Male,210-988-0805
69,Rodolphe,Bryenton,rbryenton1w@paypal.com,Male,495-281-7222
70,Caryn,Francescone,cfrancescone1x@cbsnews.com,Female,687-347-4350
71,Sarah,Fawdry,sfawdry1y@discuz.net,Female,631-695-5150
72,Torrin,Littlewood,tlittlewood1z@hao123.com,Male,605-460-3002
73,Lowe,Bethune,lbethune20@unblog.fr,Male,902-190-0473
74,Caleb,Gerred,cgerred21@mozilla.org,Male,641-247-8463
75,Aura,Joinsey,ajoinsey22@1688.com,Female,313-746-8977
76,Brandais,Ponde,bponde23@washingtonpost.com,Female,712-941-7051
77,Teador,Prendeguest,tprendeguest24@timesonline.co.uk,Male,406-368-9806
78,Clint,Jobin,cjobin25@washingtonpost.com,Male,404-112-9218
79,Menard,Brandel,mbrandel26@booking.com,Male,300-257-5669
80,Ermentrude,Cardinal,ecardinal27@lycos.com,Female,241-903-3042
81,Addie,Sollars,asollars28@samsung.com,Male,232-934-1809
82,Celka,Glover,cglover29@noaa.gov,Female,487-398-1969
83,Letitia,Wigfield,lwigfield2a@ucoz.com,Female,882-144-7152
84,Linnet,Labone,llabone2b@nytimes.com,Female,788-786-4263
85,Tom,McCome,tmccome2c@indiegogo.com,Male,206-820-3826
86,Tuesday,De Vaar,tdevaar2d@wix.com,Female,191-177-1969
87,Janifer,Donald,jdonald2e@statcounter.com,Female,532-607-2980
88,Jobey,Cruz,jcruz2f@google.com.hk,Female,748-846-8585
89,Rakel,Burrells,rburrells2g@tinypic.com,Female,156-474-2744
90,Clevie,Sellek,csellek2h@elegantthemes.com,Male,534-791-5808
91,Hervey,Dolby,hdolby2i@ted.com,Male,609-149-9587
92,Ara,Klimmek,aklimmek2j@gnu.org,Male,283-843-2828
93,Clyve,Laydon,claydon2k@lycos.com,Genderfluid,502-464-2018
94,Sybila,Bernucci,sbernucci2l@miitbeian.gov.cn,Female,499-885-1611
95,Kizzie,Cooper,kcooper2m@wiley.com,Female,746-741-4110
96,Merrilee,Enrigo,menrigo2n@utexas.edu,Female,944-190-4938
97,Jennifer,Rioch,jrioch2o@cisco.com,Female,605-459-0779
98,Alisun,Kleingrub,akleingrub2p@yellowbook.com,Female,408-372-9702
99,Corbet,Bruntje,cbruntje2q@slideshare.net,Male,629-102-1738
100,Creight,Station,cstation2r@behance.net,Male,540-466-2815
101,Marys,Tyre,mtyre2s@mac.com,Female,765-499-7903
102,Lyndel,Cristofvao,lcristofvao2t@independent.co.uk,Female,138-910-8448
103,Ulises,Desouza,udesouza2u@usnews.com,Male,929-980-9906
104,Ronni,Lathleiffure,rlathleiffure2v@naver.com,Female,121-915-8491
105,Yorke,Revill,yrevill2w@statcounter.com,Male,397-308-5959
106,Fulton,Mowson,fmowson2x@webeden.co.uk,Male,862-441-9704
107,Ignacius,Darter,idarter2y@ehow.com,Male,827-192-4784
108,Erie,Rousell,erousell2z@ameblo.jp,Male,710-636-3676
109,Jasmine,Kee,jkee30@deviantart.com,Female,194-677-1135
110,Rand,Flowerdew,rflowerdew31@miibeian.gov.cn,Polygender,379-268-0451
111,Lea,Olenikov,lolenikov32@theglobeandmail.com,Genderqueer,241-774-7398
112,Jeralee,Feighry,jfeighry33@irs.gov,Genderfluid,923-121-0573
113,Tannie,Stable,tstable34@si.edu,Male,320-770-9159
114,Maurise,Struthers,mstruthers35@mail.ru,Female,543-131-6002
115,Bryanty,McGreary,bmcgreary36@unesco.org,Male,400-155-9613
116,George,Lightfoot,glightfoot37@prweb.com,Male,230-996-8609
117,Eldridge,Whitington,ewhitington38@forbes.com,Male,510-725-0353
118,Martina,Vlasin,mvlasin39@usda.gov,Female,394-369-4715
119,Domenic,Mahmood,dmahmood3a@ca.gov,Male,523-238-9708
120,Renault,Lawrey,rlawrey3b@so-net.ne.jp,Male,942-938-6882
121,Catie,Gorriessen,cgorriessen3c@umich.edu,Female,899-252-1745
122,Gaelan,Canacott,gcanacott3d@fotki.com,Male,326-168-9893
123,Gennifer,Shea,gshea3e@nifty.com,Genderqueer,397-737-7560
124,Gabie,Skeat,gskeat3f@twitter.com,Male,104-192-0731
125,Lionel,Epinay,lepinay3g@shutterfly.com,Male,939-969-4461
126,Rodger,Larrat,rlarrat3h@diigo.com,Male,457-882-3401
127,Denis,Yanyushkin,dyanyushkin3i@google.ca,Male,198-366-9759
128,Cos,Lorain,clorain3j@google.nl,Male,501-297-3861
129,Dollie,Dorey,ddorey3k@tiny.cc,Female,849-504-7437
130,Basile,Rickcord,brickcord3l@behance.net,Genderqueer,923-119-7039
131,Tanya,Laite,tlaite3m@flickr.com,Female,272-573-4081
132,Matt,Croley,mcroley3n@apache.org,Male,247-654-0981
133,Megan,Iskowicz,miskowicz3o@shareasale.com,Female,877-156-0651
134,Allyn,Pickrill,apickrill3p@google.fr,Male,421-802-0775
135,Barde,Kembley,bkembley3q@aol.com,Male,242-467-8473
136,Jervis,Sandys,jsandys3r@sun.com,Male,637-810-8276
137,Yulma,Keble,ykeble3s@creativecommons.org,Male,598-944-4685
138,Arlin,Stappard,astappard3t@macromedia.com,Male,544-928-7791
139,Lisabeth,Ewins,lewins3u@naver.com,Female,269-741-3482
140,Yvette,Duddan,yduddan3v@github.io,Female,368-769-2609
141,Eugen,Jansa,ejansa3w@dyndns.org,Male,719-529-9733
142,Guillema,Baldwin,gbaldwin3x@house.gov,Female,193-541-0136
143,Mae,Masters,mmasters3y@squarespace.com,Female,745-609-6280
144,Huntington,Wintringham,hwintringham3z@usnews.com,Male,231-608-3645
145,Verney,Joyce,vjoyce40@accuweather.com,Male,463-760-1145
146,Bondy,Sinderland,bsinderland41@si.edu,Male,356-929-4939
147,Tresa,Tandy,ttandy42@paypal.com,Female,425-588-3042
148,Reade,Bartosch,rbartosch43@boston.com,Male,402-381-8210
149,Dory,Dyment,ddyment44@cnn.com,Female,636-200-4375
150,Viviana,Froggatt,vfroggatt45@live.com,Female,610-870-5003
151,Bennie,Fowley,bfowley46@marriott.com,Male,904-339-0141
152,Arin,Rockhill,arockhill47@bbb.org,Male,569-798-1641
153,Randall,Andreasson,randreasson48@geocities.com,Male,509-762-0645
154,Clareta,Strotton,cstrotton49@tmall.com,Genderqueer,564-450-3833
155,Twyla,Rubega,trubega4a@harvard.edu,Female,374-600-9391
156,Claudelle,Earey,cearey4b@cnet.com,Female,161-427-1539
157,Ber,Larcher,blarcher4c@hugedomains.com,Male,495-382-4323
158,Obediah,Skerme,oskerme4d@booking.com,Male,706-144-1885
159,Verine,Deniske,vdeniske4e@amazonaws.com,Female,393-239-3178
160,Geri,Sybe,gsybe4f@imgur.com,Male,342-116-3584
161,Stavro,Grayley,sgrayley4g@rediff.com,Genderqueer,512-440-0209
162,Kameko,Piatkow,kpiatkow4h@rediff.com,Genderqueer,359-195-4302
163,Franklyn,Reyson,freyson4i@salon.com,Male,715-494-0669
164,Aristotle,Sailer,asailer4j@nature.com,Male,888-890-3482
165,Stacey,Barham,sbarham4k@samsung.com,Female,818-970-9480
166,Lew,Benbrick,lbenbrick4l@oakley.com,Male,469-971-6020
167,Penrod,Fust,pfust4m@ebay.com,Polygender,469-570-0768
168,Sibylle,Winnett,swinnett4n@springer.com,Female,796-182-2163
169,Tan,Farrar,tfarrar4o@skyrock.com,Male,739-523-2752
170,Melanie,Dudley,mdudley4p@nyu.edu,Female,656-273-3626
171,Abrahan,Roles,aroles4q@google.fr,Male,699-787-2449
172,Nat,Montel,nmontel4r@shop-pro.jp,Female,442-117-7940
173,Glenda,Balshaw,gbalshaw4s@amazon.com,Female,339-839-0939
174,Orren,Cough,ocough4t@zdnet.com,Male,695-650-5076
175,Whittaker,Rea,wrea4u@taobao.com,Non-binary,872-986-6045
176,Marlow,Ratray,mratray4v@dagondesign.com,Male,237-472-5379
177,Sheryl,Matherson,smatherson4w@time.com,Female,604-669-6992
178,Lazaro,Colloff,lcolloff4x@fc2.com,Male,557-875-9163
179,Padgett,Tofpik,ptofpik4y@is.gd,Genderqueer,759-444-1720
180,Korry,Dinzey,kdinzey4z@indiatimes.com,Bigender,377-308-1399
181,Derick,Hinz,dhinz50@cdc.gov,Male,885-187-1104
182,Percival,Cabera,pcabera51@elegantthemes.com,Male,204-117-0685
183,Cordie,Cops,ccops52@list-manage.com,Female,442-628-8415
184,Anatola,Iliff,ailiff53@homestead.com,Female,711-971-9700
185,Paige,Philippe,pphilippe54@wired.com,Female,263-583-8892
186,Ezequiel,Carous,ecarous55@mayoclinic.com,Male,747-380-5611
187,Kerby,Wellwood,kwellwood56@springer.com,Male,705-216-2790
188,Dominic,Bullene,dbullene57@google.nl,Male,136-852-5950
189,Joelly,Jedrysik,jjedrysik58@ezinearticles.com,Female,432-992-9578
190,Lia,Predohl,lpredohl59@ed.gov,Polygender,530-825-5465
191,Irwinn,Gonthard,igonthard5a@cisco.com,Male,706-376-2803
192,Alfonse,Chate,achate5b@oracle.com,Male,772-480-3501
193,Guthrie,Butland,gbutland5c@comcast.net,Male,617-380-9848
194,Katey,Smye,ksmye5d@booking.com,Female,257-295-4497
195,Ezechiel,Stanfield,estanfield5e@sina.com.cn,Male,924-553-4617
196,Marabel,Kingerby,mkingerby5f@hhs.gov,Female,473-981-4911
197,Austina,Abbado,aabbado5g@rakuten.co.jp,Female,122-959-4600
198,Hestia,Abyss,habyss5h@psu.edu,Female,655-497-3623
199,Mathias,McCaghan,mmccaghan5i@moonfruit.com,Male,348-173-0840
200,Arline,Peskett,apeskett5j@accuweather.com,Female,292-922-8032
201,Tuck,Sewill,tsewill5k@soup.io,Male,408-487-1681
202,Teresita,Hubane,thubane5l@amazon.co.uk,Female,276-747-1593
203,Adi,Dunk,adunk5m@typepad.com,Female,965-902-6306
204,Turner,Keady,tkeady5n@usa.gov,Male,188-782-9114
205,Tuck,Byfield,tbyfield5o@about.me,Male,681-139-9485
206,Abbie,Tiery,atiery5p@purevolume.com,Female,366-679-9676
207,Deana,Auty,dauty5q@cpanel.net,Female,840-129-6351
208,Estevan,Escale,eescale5r@instagram.com,Agender,605-208-4155
209,Donaugh,Benettini,dbenettini5s@shutterfly.com,Male,955-448-3015
210,Normy,Allinson,nallinson5t@mtv.com,Male,363-835-7590
211,Samuel,Mart,smart5u@amazon.co.jp,Male,697-475-9284
212,Noble,Bartram,nbartram5v@infoseek.co.jp,Male,623-708-7667
213,Buffy,Hehir,bhehir5w@dell.com,Female,470-873-5986
214,Adel,Smithers,asmithers5x@washington.edu,Female,238-201-6165
215,Fayre,Parkin,fparkin5y@ycombinator.com,Genderfluid,944-799-2972
216,Bordy,Kayes,bkayes5z@infoseek.co.jp,Male,111-647-7632
217,Ursala,Linde,ulinde60@sitemeter.com,Female,759-681-7753
218,Amber,Ryott,aryott61@answers.com,Female,302-617-5024
219,Shelia,Dowley,sdowley62@arstechnica.com,Genderqueer,467-989-7421
220,Blaine,MacNeachtain,bmacneachtain63@jugem.jp,Male,193-780-5025
221,Bel,Aldhouse,baldhouse64@yandex.ru,Female,372-939-9843
222,Aarika,Botright,abotright65@ycombinator.com,Female,617-883-2150
223,Randal,Goggin,rgoggin66@latimes.com,Male,581-349-8468
224,Kathrine,Genicke,kgenicke67@example.com,Female,737-567-5557
225,Ashby,Restorick,arestorick68@angelfire.com,Male,307-570-6251
226,Sophey,Furmston,sfurmston69@amazon.de,Female,885-330-8270
227,Shelley,Rodenburg,srodenburg6a@com.com,Female,159-359-4893
228,Krishna,Marchello,kmarchello6b@last.fm,Male,169-910-2125
229,Rozele,Beneteau,rbeneteau6c@soup.io,Female,999-783-4042
230,Isacco,Rouby,irouby6d@bravesites.com,Male,393-438-0012
231,Thibaut,Maffeo,tmaffeo6e@bloglovin.com,Male,182-881-8809
232,Ingram,Corkitt,icorkitt6f@yellowpages.com,Male,150-511-7680
233,Kelsy,Bremley,kbremley6g@bizjournals.com,Female,194-780-6068
234,Riccardo,Emlyn,remlyn6h@reddit.com,Male,261-599-2343
235,Dorian,Sweatland,dsweatland6i@earthlink.net,Male,796-764-0062
236,Georgena,Bratchell,gbratchell6j@wisc.edu,Genderqueer,289-480-4806
237,Paula,Stelljes,pstelljes6k@ft.com,Female,212-844-4186
238,Gerardo,Kahn,gkahn6l@engadget.com,Male,383-804-0382
239,Arlina,Romer,aromer6m@zdnet.com,Female,254-421-8529
240,Hedwig,Lippitt,hlippitt6n@ibm.com,Female,802-552-9110
241,Doreen,Garard,dgarard6o@blogger.com,Non-binary,772-393-3809
242,Irwin,Weiner,iweiner6p@twitpic.com,Male,920-664-7754
243,Vincents,Corradetti,vcorradetti6q@yahoo.co.jp,Male,410-240-8960
244,Dicky,Bourne,dbourne6r@prnewswire.com,Male,297-934-0508
245,Ian,Corzor,icorzor6s@paginegialle.it,Male,363-778-7074
246,Roda,Tweddell,rtweddell6t@163.com,Female,157-974-2069
247,Thom,Campaigne,tcampaigne6u@diigo.com,Male,474-228-4960
248,Garnet,Bradnocke,gbradnocke6v@zimbio.com,Female,260-913-9433
249,Cameron,Gutridge,cgutridge6w@joomla.org,Genderfluid,925-816-7434
250,Jolyn,McIlwraith,jmcilwraith6x@github.com,Female,644-236-7772
251,Raphaela,de Broke,rdebroke6y@istockphoto.com,Female,628-978-2956
252,Darell,Absolon,dabsolon6z@infoseek.co.jp,Female,296-179-9960
253,Fairleigh,Brogioni,fbrogioni70@blogtalkradio.com,Male,196-113-6635
254,Lindsey,Rimell,lrimell71@slashdot.org,Female,402-324-5030
255,Marylou,Gherardelli,mgherardelli72@squarespace.com,Agender,795-874-2029
256,Kylynn,Simic,ksimic73@privacy.gov.au,Female,767-346-7012
257,Berrie,Driscoll,bdriscoll74@is.gd,Female,888-845-3168
258,Chip,Manketell,cmanketell75@linkedin.com,Male,218-580-5042
259,Sadella,Bollard,sbollard76@tripod.com,Female,591-754-2913
260,Kirby,Dady,kdady77@goo.gl,Female,635-297-4877
261,Daisi,James,djames78@nasa.gov,Female,317-996-4149
262,Horst,Cyseley,hcyseley79@mozilla.org,Male,184-485-5742
263,Brion,Ahrens,bahrens7a@homestead.com,Male,905-575-3273
264,Davie,O'Sherin,dosherin7b@chronoengine.com,Male,408-554-6085
265,Carrissa,Gaw,cgaw7c@prnewswire.com,Female,859-567-0501
266,Yorker,Davidesco,ydavidesco7d@reference.com,Male,690-932-8691
267,Biddie,O'Keaveny,bokeaveny7e@boston.com,Female,893-665-6440
268,Codi,O'Fairy,cofairy7f@nyu.edu,Female,973-486-8548
269,Esme,Martinho,emartinho7g@dedecms.com,Female,612-135-8718
270,Neysa,Sobtka,nsobtka7h@mashable.com,Female,974-869-9103
271,Pebrook,Cleall,pcleall7i@upenn.edu,Non-binary,860-916-2094
272,Nilson,Lammert,nlammert7j@canalblog.com,Male,927-626-2415
273,Charla,Hatliff,chatliff7k@reference.com,Female,523-938-0543
274,Emmit,Deboy,edeboy7l@archive.org,Male,324-474-0081
275,Meryl,Hagan,mhagan7m@guardian.co.uk,Female,505-443-7319
276,Kimberly,Wrigglesworth,kwrigglesworth7n@php.net,Female,590-752-3045
277,Giraud,Danovich,gdanovich7o@un.org,Male,595-176-2202
278,Dorette,Dolligon,ddolligon7p@usnews.com,Female,340-920-5835
279,Antonie,Dencs,adencs7q@baidu.com,Non-binary,834-390-6567
280,Simonne,Skakunas,sskakunas7r@gnu.org,Female,549-941-3825
281,Dulcie,Carnaman,dcarnaman7s@mysql.com,Female,460-810-4989
282,Norine,Vasyatkin,nvasyatkin7t@newsvine.com,Female,231-753-0079
283,Casey,Turnock,cturnock7u@ask.com,Male,424-202-4786
284,Tory,Chatwin,tchatwin7v@archive.org,Female,476-599-9321
285,Darci,Huntall,dhuntall7w@qq.com,Female,663-335-8980
286,Westbrook,Shirtcliffe,wshirtcliffe7x@baidu.com,Male,267-390-7972
287,Filmer,Winter,fwinter7y@photobucket.com,Male,391-703-7178
288,Tamra,Briston,tbriston7z@163.com,Female,261-457-4572
289,Timmie,Dales,tdales80@princeton.edu,Male,651-730-3461
290,Theodor,Abbes,tabbes81@t-online.de,Male,106-792-4665
291,Chickie,Roughan,croughan82@reddit.com,Male,794-459-4604
292,Simone,Elcomb,selcomb83@opensource.org,Male,858-850-0374
293,Flor,Ivison,fivison84@nasa.gov,Polygender,478-180-5234
294,Drugi,Riggs,driggs85@cornell.edu,Male,161-491-7390
295,Delilah,Gribbin,dgribbin86@npr.org,Female,973-621-4075
296,Cullen,Morais,cmorais87@hhs.gov,Male,881-426-4793
297,Mil,Dickin,mdickin88@barnesandnoble.com,Female,208-706-1830
298,Dorine,Bardill,dbardill89@scribd.com,Female,916-877-7602
299,Elfrida,Ferrie,eferrie8a@usgs.gov,Female,643-615-9226
300,Padriac,Docwra,pdocwra8b@reference.com,Male,557-369-7481
301,Hugh,Sleith,hsleith8c@shutterfly.com,Male,881-591-6799
302,Maison,Collison,mcollison8d@marriott.com,Male,494-915-8522
303,Kendall,MacEvilly,kmacevilly8e@nydailynews.com,Male,807-776-4159
304,Verla,Starr,vstarr8f@independent.co.uk,Female,716-743-8956
305,Penni,Chawkley,pchawkley8g@telegraph.co.uk,Female,263-725-1953
306,Israel,Brevitt,ibrevitt8h@nhs.uk,Male,705-131-1457
307,Shaw,Rampley,srampley8i@europa.eu,Male,100-634-0190
308,Toddy,Ybarra,tybarra8j@stanford.edu,Male,146-914-3826
309,Andreas,Wadeson,awadeson8k@youtu.be,Male,810-378-5583
310,Simona,Vieyra,svieyra8l@imdb.com,Female,812-316-9309
311,Niles,Wharrier,nwharrier8m@gmpg.org,Male,458-897-7165
312,Constancia,Dysert,cdysert8n@toplist.cz,Non-binary,188-786-0348
313,Edith,Haliday,ehaliday8o@gov.uk,Female,210-545-0242
314,Herminia,Stallen,hstallen8p@google.de,Female,232-159-6023
315,Evelyn,Rowes,erowes8q@howstuffworks.com,Female,625-641-1152
316,Cynthia,Giorgeschi,cgiorgeschi8r@buzzfeed.com,Female,411-410-6192
317,Gardy,Zimmermeister,gzimmermeister8s@ask.com,Male,425-451-7282
318,Moria,Bowater,mbowater8t@hubpages.com,Female,925-938-3071
319,Julius,Bulman,jbulman8u@diigo.com,Male,911-652-9673
320,Julian,Clarricoates,jclarricoates8v@e-recht24.de,Male,575-953-8994
321,Kylie,Beeston,kbeeston8w@wordpress.com,Male,250-892-4054
322,Harlan,McAuslene,hmcauslene8x@phoca.cz,Male,665-528-1549
323,Julian,Stein,jstein8y@sogou.com,Male,470-514-2710
324,Dani,Blizard,dblizard8z@tumblr.com,Male,968-246-9766
325,Kimmie,Giacomello,kgiacomello90@businessinsider.com,Female,227-422-3148
326,Lexine,Helder,lhelder91@mapquest.com,Female,437-162-2022
327,Darcy,Twitchett,dtwitchett92@yellowpages.com,Male,858-698-9956
328,Barbe,Gebb,bgebb93@tripod.com,Female,626-501-3652
329,Alix,Duester,aduester94@europa.eu,Male,580-971-2643
330,Allegra,Blackden,ablackden95@aboutads.info,Female,662-128-3748
331,Wells,Ratlee,wratlee96@cam.ac.uk,Male,514-175-7314
332,Pepillo,Lomond,plomond97@ca.gov,Male,375-223-9513
333,Rebe,Jackes,rjackes98@dedecms.com,Female,583-229-4644
334,Ester,Champneys,echampneys99@dedecms.com,Female,755-276-2880
335,Reidar,Sanford,rsanford9a@liveinternet.ru,Male,232-988-0715
336,Skipper,Tesyro,stesyro9b@epa.gov,Male,127-207-2932
337,Hatti,Schieferstein,hschieferstein9c@netscape.com,Female,620-522-7363
338,Jareb,Bullon,jbullon9d@free.fr,Male,850-638-5281
339,Kelley,Lace,klace9e@51.la,Male,174-878-0052
340,Nanny,Aldersea,naldersea9f@mysql.com,Female,269-553-3945
341,Currey,Bunting,cbunting9g@abc.net.au,Male,163-750-2078
342,Cindy,Nairy,cnairy9h@altervista.org,Female,639-195-3368
343,Dorie,Wint,dwint9i@hc360.com,Male,647-935-0102
344,Car,Jasik,cjasik9j@forbes.com,Male,491-202-3118
345,Lorin,Arnley,larnley9k@sciencedaily.com,Male,687-357-9575
346,Niall,Signe,nsigne9l@china.com.cn,Non-binary,659-922-7982
347,Oran,Dykins,odykins9m@amazon.de,Male,272-354-2148
348,Wernher,Pitone,wpitone9n@people.com.cn,Male,767-771-3997
349,Marthena,Eilhertsen,meilhertsen9o@ehow.com,Female,951-516-1992
350,Mariska,Wake,mwake9p@microsoft.com,Non-binary,508-462-5561
351,Ariadne,Tynemouth,atynemouth9q@gravatar.com,Female,683-180-2278
352,Mandel,Woodroffe,mwoodroffe9r@moonfruit.com,Male,463-784-4147
353,Waldo,MacBain,wmacbain9s@dell.com,Male,148-970-4169
354,Justen,Praten,jpraten9t@sohu.com,Male,660-857-3438
355,Celia,Spender,cspender9u@google.es,Polygender,294-954-5497
356,Darya,Mintoft,dmintoft9v@dion.ne.jp,Female,727-616-7411
357,Sorcha,Crosi,scrosi9w@netvibes.com,Female,285-318-5364
358,Ginelle,Loyd,gloyd9x@google.ca,Female,400-916-0698
359,Shannen,Langland,slangland9y@hp.com,Female,771-664-9233
360,Adrienne,Gillingham,agillingham9z@yellowpages.com,Female,122-506-9749
361,Paten,Garrould,pgarroulda0@nhs.uk,Male,570-873-1142
362,Cary,Ellar,cellara1@sogou.com,Male,329-644-1564
363,Renie,Gritton,rgrittona2@senate.gov,Female,588-780-3027
364,Estelle,Crasswell,ecrasswella3@studiopress.com,Female,597-725-3366
365,Jacintha,Everest,jeveresta4@webeden.co.uk,Non-binary,786-628-4659
366,Richmound,Edgeworth,redgewortha5@chron.com,Male,745-252-2999
367,Desmund,Doswell,ddoswella6@smugmug.com,Male,471-121-7424
368,Jennee,Orris,jorrisa7@biglobe.ne.jp,Female,526-159-5578
369,Nola,Chrystie,nchrystiea8@theatlantic.com,Female,350-516-5288
370,Cally,Seamarke,cseamarkea9@intel.com,Female,341-751-4108
371,Celestyna,Piff,cpiffaa@indiatimes.com,Female,600-664-9242
372,Harbert,Friel,hfrielab@comcast.net,Male,726-643-3675
373,Orv,Kleewein,okleeweinac@ucoz.ru,Male,828-686-3300
374,Josepha,Loxston,jloxstonad@ucoz.com,Female,626-582-6138
375,Fianna,Tomei,ftomeiae@symantec.com,Female,682-230-6185
376,Dion,Camillo,dcamilloaf@joomla.org,Male,312-498-9069
377,Julita,Bernhardi,jbernhardiag@mlb.com,Female,250-296-8133
378,Mickie,Lantaph,mlantaphah@infoseek.co.jp,Male,462-950-8608
379,Viviyan,Gwyneth,vgwynethai@blinklist.com,Female,652-517-0317
380,Ivette,Malia,imaliaaj@weibo.com,Polygender,191-722-5840
381,Ario,Alexsandrov,aalexsandrovak@discovery.com,Male,352-475-0094
382,Ariana,Chesman,achesmanal@squarespace.com,Genderfluid,583-442-1001
383,Ode,Yglesia,oyglesiaam@quantcast.com,Male,846-873-8586
384,Alf,Coulter,acoulteran@samsung.com,Non-binary,191-558-0636
385,Barbe,Quinlan,bquinlanao@netscape.com,Female,723-847-0036
386,Ruben,Rennenbach,rrennenbachap@google.ca,Male,986-692-8886
387,Franny,Lindermann,flindermannaq@biglobe.ne.jp,Non-binary,802-319-8988
388,Ruy,Ditchett,rditchettar@altervista.org,Male,459-642-7261
389,Karrah,Gatherell,kgatherellas@toplist.cz,Agender,489-594-1914
390,Dorris,Aysik,daysikat@princeton.edu,Female,815-398-8776
391,Neil,McCoole,nmccooleau@buzzfeed.com,Male,479-214-6108
392,Berty,Beachamp,bbeachampav@vkontakte.ru,Female,702-153-1805
393,Rebe,Perfili,rperfiliaw@accuweather.com,Female,723-159-4472
394,Vladamir,Hayer,vhayerax@indiegogo.com,Male,636-863-1361
395,Orren,Wankling,owanklingay@123-reg.co.uk,Male,135-253-5230
396,Viviene,Tejada,vtejadaaz@4shared.com,Female,176-686-9666
397,Town,Bisley,tbisleyb0@mysql.com,Male,714-639-0471
398,Eolande,Bispham,ebisphamb1@jigsy.com,Female,126-566-1689
399,Itch,Hulatt,ihulattb2@drupal.org,Male,804-600-1510
400,Glori,Serfati,gserfatib3@unc.edu,Genderfluid,539-845-6718
401,Gabriel,Parish,gparishb4@hubpages.com,Male,171-895-4892
402,Marmaduke,Stronge,mstrongeb5@php.net,Male,898-473-9519
403,Grace,Formie,gformieb6@loc.gov,Female,575-157-1281
404,Miof mela,Simacek,msimacekb7@hugedomains.com,Female,490-928-4966
405,Gael,Mabson,gmabsonb8@1und1.de,Male,108-541-9239
406,Mitzi,Rousel,mrouselb9@csmonitor.com,Female,514-889-1457
407,Marianna,Chaise,mchaiseba@marriott.com,Bigender,934-528-3397
408,Clayton,Ogelsby,cogelsbybb@ted.com,Bigender,683-802-3407
409,Caty,Prenty,cprentybc@nydailynews.com,Female,437-355-9971
410,Sergeant,Ryburn,sryburnbd@linkedin.com,Male,168-803-7214
411,Ivory,Sisse,isissebe@samsung.com,Female,399-828-6631
412,Eldredge,Crush,ecrushbf@theglobeandmail.com,Male,944-304-8217
413,Jan,Scouler,jscoulerbg@noaa.gov,Female,622-302-2513
414,Kelbee,Turnell,kturnellbh@newyorker.com,Male,229-526-7926
415,Fan,Luberto,flubertobi@amazon.de,Female,932-485-1286
416,Quillan,Nestoruk,qnestorukbj@buzzfeed.com,Male,204-903-8463
417,Chan,Clere,cclerebk@t-online.de,Male,392-883-9468
418,Chariot,Mair,cmairbl@usatoday.com,Male,308-815-6178
419,Osbourn,Tapton,otaptonbm@scientificamerican.com,Genderqueer,526-630-3927
420,Carlyn,Perrin,cperrinbn@histats.com,Non-binary,992-922-7432
421,Shannon,Kopman,skopmanbo@census.gov,Male,160-293-1349
422,Darill,Zanettini,dzanettinibp@etsy.com,Male,275-780-7103
423,Devi,Hessel,dhesselbq@psu.edu,Female,881-612-5573
424,Buddy,Casewell,bcasewellbr@symantec.com,Male,842-792-0696
425,Martha,McKane,mmckanebs@bing.com,Female,166-621-5859
426,Alleyn,Rickman,arickmanbt@elegantthemes.com,Male,687-342-4526
427,Carin,Balfre,cbalfrebu@netvibes.com,Female,277-710-3759
428,Paulie,Trehearn,ptrehearnbv@sun.com,Male,734-541-6838
429,Marilin,Henrych,mhenrychbw@xrea.com,Polygender,339-404-9447
430,Wynne,Kwiek,wkwiekbx@unesco.org,Female,830-858-9787
431,Kinnie,Brearley,kbrearleyby@is.gd,Male,119-764-5074
432,Anne-marie,Clemens,aclemensbz@dyndns.org,Female,100-779-1516
433,Sadye,Mustard,smustardc0@xinhuanet.com,Female,253-556-9949
434,Filberte,Philipard,fphilipardc1@fda.gov,Male,548-868-3653
435,Reider,Domeney,rdomeneyc2@mail.ru,Male,986-725-3456
436,Winni,Jerrim,wjerrimc3@archive.org,Female,945-936-3924
437,Sarene,Reeds,sreedsc4@nytimes.com,Female,383-778-2783
438,Elnar,Fewster,efewsterc5@buzzfeed.com,Male,338-681-5855
439,Latisha,Parradice,lparradicec6@nyu.edu,Bigender,511-112-0534
440,Vachel,Baitman,vbaitmanc7@prnewswire.com,Male,180-929-0475
441,Nat,Arlett,narlettc8@vimeo.com,Male,377-223-4887
442,Normand,Sibborn,nsibbornc9@trellian.com,Male,700-735-8760
443,Zachery,Malicki,zmalickica@soup.io,Male,526-756-4591
444,Archibaldo,Margetson,amargetsoncb@usatoday.com,Male,894-644-3172
445,Clarice,Cotterrill,ccotterrillcc@digg.com,Female,705-377-3379
446,Eugene,Mogey,emogeycd@bizjournals.com,Polygender,946-463-6296
447,Carlyle,Jeavon,cjeavonce@telegraph.co.uk,Male,717-142-7783
448,Ricki,Covely,rcovelycf@mapy.cz,Male,373-529-9645
449,Gregorio,Grinston,ggrinstoncg@dailymotion.com,Genderqueer,937-792-1936
450,Kerwin,Pettipher,kpettipherch@bloomberg.com,Male,412-255-3759
451,Rodrick,Leguay,rleguayci@t-online.de,Male,184-322-0304
452,Lina,Matuszkiewicz,lmatuszkiewiczcj@soundcloud.com,Female,879-496-1678
453,Dehlia,Thurlborn,dthurlbornck@cpanel.net,Female,371-176-2005
454,Caryl,Augar,caugarcl@tuttocitta.it,Female,476-897-6877
455,Joeann,Sherrington,jsherringtoncm@scientificamerican.com,Female,486-410-8278
456,Hercule,Andrioletti,handrioletticn@ucoz.ru,Male,465-282-3588
457,Fayre,Golsby,fgolsbyco@devhub.com,Bigender,847-110-2728
458,Wilma,Cranstoun,wcranstouncp@prnewswire.com,Female,134-523-7825
459,Sholom,Cordie,scordiecq@yandex.ru,Genderqueer,502-853-1481
460,Maggi,Bromilow,mbromilowcr@bing.com,Female,540-397-7736
461,Merwyn,Brookshaw,mbrookshawcs@bing.com,Male,136-185-9416
462,Jody,Osbaldeston,josbaldestonct@bbc.co.uk,Male,375-632-2191
463,Norrie,Andresen,nandresencu@rakuten.co.jp,Male,875-816-7877
464,Devin,Rooms,droomscv@macromedia.com,Female,137-954-1648
465,Keelby,O'Hannen,kohannencw@sciencedirect.com,Male,284-472-5390
466,Alexia,Skains,askainscx@hp.com,Female,570-845-7205
467,Maryann,Moyle,mmoylecy@gmpg.org,Female,542-331-7552
468,Abner,Izakov,aizakovcz@youtu.be,Male,340-747-6332
469,Crystie,Griswaite,cgriswaited0@usa.gov,Female,915-680-3000
470,Greg,Lockton,glocktond1@elegantthemes.com,Male,791-696-4663
471,Cahra,Barkas,cbarkasd2@ox.ac.uk,Female,519-987-8923
472,Teddy,Colpus,tcolpusd3@shareasale.com,Male,412-325-7156
473,Thaxter,Mechic,tmechicd4@zdnet.com,Non-binary,823-754-6674
474,Hunt,Viccary,hviccaryd5@ucoz.com,Male,698-863-9675
475,Myron,MacAdam,mmacadamd6@craigslist.org,Male,789-915-2057
476,Robinetta,Engel,rengeld7@jugem.jp,Female,635-235-5495
477,Shaw,Hayselden,shayseldend8@skyrock.com,Male,260-388-2619
478,Linette,Jira,ljirad9@yandex.ru,Female,310-449-0070
479,Babara,Hebden,bhebdenda@cyberchimps.com,Female,704-351-9704
480,Lizabeth,Jocic,ljocicdb@amazon.de,Female,667-512-6476
481,Stefano,Fominov,sfominovdc@163.com,Male,202-579-5076
482,Carrie,Stickings,cstickingsdd@slashdot.org,Female,312-480-8744
483,Lona,Dimond,ldimondde@google.ca,Female,439-850-8647
484,Stu,Spellman,sspellmandf@icio.us,Male,905-972-9777
485,Jaimie,Damarell,jdamarelldg@purevolume.com,Female,464-657-9764
486,Andree,Swetman,aswetmandh@marriott.com,Female,332-607-8459
487,Barret,Drakes,bdrakesdi@chicagotribune.com,Male,822-920-7504
488,Godfry,Mancktelow,gmancktelowdj@answers.com,Genderfluid,910-720-1435
489,Lindi,Sickling,lsicklingdk@delicious.com,Female,249-579-6874
490,Kellyann,Seabridge,kseabridgedl@cpanel.net,Female,407-848-6267
491,Taffy,Shackel,tshackeldm@a8.net,Female,109-410-5915
492,Gerti,Castillo,gcastillodn@mozilla.com,Female,891-171-2334
493,Shay,Folkard,sfolkarddo@adobe.com,Female,753-310-8157
494,Helsa,Moylan,hmoylandp@t-online.de,Female,914-821-1395
495,Belle,Stillwell,bstillwelldq@google.com.br,Female,764-774-6234
496,Silas,Strase,sstrasedr@redcross.org,Male,302-139-9084
497,Cassandry,Sutworth,csutworthds@elegantthemes.com,Female,898-194-5823
498,Kiley,Willford,kwillforddt@nhs.uk,Male,203-718-7251
499,Jacquenette,Clarridge,jclarridgedu@comsenz.com,Female,166-300-7229
500,Elberta,Crepel,ecrepeldv@mapquest.com,Female,861-618-4692
501,Leeland,Fogt,lfogtdw@theguardian.com,Male,826-964-2506
502,Andi,Comport,acomportdx@mlb.com,Genderqueer,422-401-9364
503,Stefanie,Nodes,snodesdy@merriam-webster.com,Female,612-728-1794
504,Kerrill,Burdoun,kburdoundz@indiegogo.com,Female,203-299-9916
505,Desi,Litton,dlittone0@icq.com,Male,131-274-4851
506,Isaak,Farnell,ifarnelle1@macromedia.com,Agender,805-410-2776
507,Brandy,Yesinov,byesinove2@usda.gov,Male,707-223-1281
508,Tonia,Gaitskill,tgaitskille3@un.org,Female,672-239-7988
509,Rowena,Levicount,rlevicounte4@nasa.gov,Female,658-796-5366
510,Gasper,Brunnstein,gbrunnsteine5@gov.uk,Male,775-712-4162
511,Angele,Bassam,abassame6@unblog.fr,Female,431-741-4501
512,Carlin,Meneyer,cmeneyere7@theguardian.com,Male,807-579-9199
513,Gilli,Filtness,gfiltnesse8@harvard.edu,Female,394-103-6433
514,Florie,Asty,fastye9@free.fr,Bigender,689-538-9559
515,Debor,Methven,dmethvenea@mail.ru,Female,202-268-2474
516,Wallis,Vieyra,wvieyraeb@zimbio.com,Male,497-924-9416
517,Stefan,Lindmark,slindmarkec@geocities.com,Non-binary,851-310-1591
518,Cherlyn,Baldini,cbaldinied@omniture.com,Female,241-145-5020
519,Marylynne,Pigford,mpigfordee@cmu.edu,Female,415-155-8235
520,Vasili,Compton,vcomptonef@squarespace.com,Male,838-868-2337
521,Orlando,Maybey,omaybeyeg@com.com,Male,362-678-2782
522,Neville,Vasovic,nvasoviceh@google.co.uk,Male,584-197-8848
523,Jaclyn,Bradbrook,jbradbrookei@twitpic.com,Female,647-475-4930
524,Cathie,Winfindale,cwinfindaleej@intel.com,Female,675-664-5288
525,Arney,St Clair,astclairek@howstuffworks.com,Male,211-103-9670
526,Chrystal,Eckert,ceckertel@desdev.cn,Female,350-716-5740
527,Codie,Kellegher,ckellegherem@patch.com,Female,711-412-7375
528,Chance,Hardi,chardien@buzzfeed.com,Male,638-316-6333
529,Tallie,Lukash,tlukasheo@chicagotribune.com,Male,324-667-0697
530,Cyrus,Aveson,cavesonep@yahoo.co.jp,Polygender,506-704-9833
531,Fina,Dettmar,fdettmareq@wikipedia.org,Genderfluid,331-929-6998
532,Sallie,Pennington,spenningtoner@jugem.jp,Female,948-623-5210
533,Stearne,Trighton,strightones@ustream.tv,Male,389-157-9531
534,Marney,Gatcliff,mgatcliffet@tinyurl.com,Female,995-948-0962
535,Roger,Kundt,rkundteu@seattletimes.com,Male,605-505-7320
536,Tracee,Clemenzo,tclemenzoev@narod.ru,Female,879-109-0909
537,Ivett,Benham,ibenhamew@spotify.com,Female,337-631-1056
538,Byron,Throssell,bthrossellex@posterous.com,Male,621-611-4290
539,Tania,Croxley,tcroxleyey@ask.com,Female,219-588-3110
540,Cristian,Babonau,cbabonauez@vinaora.com,Male,244-890-4758
541,Livvie,De Bruyne,ldebruynef0@ibm.com,Female,572-922-2941
542,Rolfe,Shepherdson,rshepherdsonf1@pagesperso-orange.fr,Male,245-134-8591
543,Ros,Compton,rcomptonf2@prnewswire.com,Female,548-154-5737
544,Mohandis,Gerrets,mgerretsf3@deviantart.com,Male,271-825-5112
545,Gus,Jakucewicz,gjakucewiczf4@cargocollective.com,Female,595-355-1897
546,Raine,Gerriet,rgerrietf5@ustream.tv,Female,696-398-5925
547,Dolli,Wickett,dwickettf6@shop-pro.jp,Female,744-564-2600
548,Artur,Castagna,acastagnaf7@phpbb.com,Male,417-184-1118
549,Roberta,Sebborn,rsebbornf8@nature.com,Female,475-344-8917
550,Bonita,Hamnett,bhamnettf9@home.pl,Genderqueer,909-540-3874
551,Konstantine,Duggen,kduggenfa@rediff.com,Male,558-551-7168
552,Sheeree,Foster-Smith,sfostersmithfb@flickr.com,Female,444-301-2996
553,Odelinda,Bwye,obwyefc@sciencedirect.com,Female,779-152-9085
554,Kamillah,Yegorkov,kyegorkovfd@unc.edu,Female,429-780-7787
555,Lorilee,Nieass,lnieassfe@imdb.com,Female,945-237-7189
556,Randy,Chiles,rchilesff@livejournal.com,Male,971-777-2571
557,Agna,Clubbe,aclubbefg@dell.com,Female,796-537-1015
558,Juditha,Genever,jgeneverfh@loc.gov,Female,462-812-9761
559,Delores,Othen,dothenfi@bigcartel.com,Female,553-787-6795
560,Arlan,Lambrick,alambrickfj@rediff.com,Male,174-402-7423
561,Garvin,Kauffman,gkauffmanfk@howstuffworks.com,Male,605-795-9637
562,Rick,Sustin,rsustinfl@example.com,Male,873-394-8088
563,Johann,Manoch,jmanochfm@oaic.gov.au,Male,841-239-8808
564,Gabi,Licciardello,glicciardellofn@storify.com,Male,891-347-4295
565,Callida,Handscombe,chandscombefo@webs.com,Female,594-525-7229
566,Lorianne,Ovenell,lovenellfp@ehow.com,Female,905-403-8654
567,Almeria,MacGill,amacgillfq@slideshare.net,Female,269-273-1342
568,Tricia,Pentecost,tpentecostfr@vk.com,Female,962-699-9853
569,Myra,Jumonet,mjumonetfs@jalbum.net,Female,777-681-4291
570,Lorinda,Fleg,lflegft@tamu.edu,Female,356-986-3146
571,Allistir,Longfield,alongfieldfu@salon.com,Male,240-771-1412
572,Meier,Perell,mperellfv@timesonline.co.uk,Male,753-540-8338
573,Rae,Dedney,rdedneyfw@wsj.com,Female,240-525-9592
574,Kori,Swinglehurst,kswinglehurstfx@un.org,Female,321-587-2137
575,Temple,Tinline,ttinlinefy@mapquest.com,Male,460-878-2272
576,Aurora,Turfs,aturfsfz@twitter.com,Female,871-305-1294
577,Terri-jo,Bottrill,tbottrillg0@ucoz.com,Non-binary,940-497-6805
578,Lisette,Waldren,lwaldreng1@netscape.com,Female,222-360-2653
579,Janot,Leipnik,jleipnikg2@dmoz.org,Female,450-704-1548
580,Alissa,Jordon,ajordong3@buzzfeed.com,Female,487-551-4032
581,Ancell,Mattosoff,amattosoffg4@parallels.com,Male,141-345-3396
582,Delbert,Simmins,dsimminsg5@nsw.gov.au,Male,797-196-4358
583,Zorina,Redhouse,zredhouseg6@pen.io,Female,339-987-3636
584,Jedediah,MacGilmartin,jmacgilmarting7@gov.uk,Male,738-582-9476
585,Cam,Wingeat,cwingeatg8@bluehost.com,Non-binary,968-972-5372
586,Analise,Foat,afoatg9@is.gd,Female,601-967-3072
587,Deane,Hamlin,dhamlinga@jiathis.com,Female,136-471-8823
588,Milton,Jurca,mjurcagb@reddit.com,Non-binary,337-987-0882
589,Helyn,Swayte,hswaytegc@salon.com,Female,863-765-9081
590,Chick,Coppin,ccoppingd@narod.ru,Male,424-489-0610
591,Alvera,Casaroli,acasarolige@yelp.com,Agender,996-864-7695
592,Murdock,Grevel,mgrevelgf@dailymotion.com,Male,613-755-4994
593,Micheil,Hubberstey,mhubbersteygg@nbcnews.com,Bigender,852-884-0164
594,Lela,Meineking,lmeinekinggh@si.edu,Female,415-783-4234
595,Parrnell,Hagley,phagleygi@ftc.gov,Male,649-632-3091
596,Fritz,MacGilfoyle,fmacgilfoylegj@imdb.com,Male,627-887-4509
597,Dredi,Henden,dhendengk@guardian.co.uk,Female,428-116-8363
598,Terrence,Raye,trayegl@ted.com,Male,328-431-1748
599,Ax,Danson,adansongm@marketwatch.com,Male,296-738-4529
600,Selie,Jenckes,sjenckesgn@abc.net.au,Female,814-888-6365
601,Gladys,Troyes,gtroyesgo@pcworld.com,Female,816-623-4392
602,Marleah,Pues,mpuesgp@loc.gov,Female,756-742-9839
603,Deana,Leheude,dleheudegq@google.co.jp,Female,326-820-3556
604,Andre,Esson,aessongr@dot.gov,Male,987-913-8273
605,Lynda,De Ambrosi,ldeambrosigs@ask.com,Female,932-961-4002
606,Gusty,Wendover,gwendovergt@tinypic.com,Female,912-234-8345
607,Weidar,Faill,wfaillgu@ca.gov,Male,716-896-7694
608,Ozzy,Hanhardt,ohanhardtgv@ca.gov,Male,104-319-7736
609,Law,Guillain,lguillaingw@mozilla.com,Male,752-508-5146
610,Marillin,Cuberley,mcuberleygx@yolasite.com,Female,590-805-4515
611,Melissa,Eglese,meglesegy@canalblog.com,Female,998-798-1642
612,Jannel,Burhill,jburhillgz@umich.edu,Female,806-752-6908
613,Shirline,MacNeish,smacneishh0@sakura.ne.jp,Female,315-954-7134
614,Ingeborg,Kincey,ikinceyh1@disqus.com,Genderqueer,596-595-5293
615,Randall,Cheshir,rcheshirh2@jiathis.com,Male,230-875-4421
616,Thomasina,Sachno,tsachnoh3@blogger.com,Female,650-632-2475
617,Tallou,Wandtke,twandtkeh4@house.gov,Female,317-480-7099
618,Mohandis,Pauleau,mpauleauh5@buzzfeed.com,Male,788-678-6697
619,Jere,Ilyas,jilyash6@myspace.com,Female,228-373-2856
620,Tonia,Ballinger,tballingerh7@sun.com,Non-binary,244-614-3259
621,Mellie,MattiCCI,mmatticcih8@meetup.com,Female,157-540-9205
622,Alyse,Beardall,abeardallh9@dot.gov,Polygender,313-613-9230
623,Victoir,Mellmoth,vmellmothha@princeton.edu,Male,170-430-0389
624,Lamond,Meese,lmeesehb@slashdot.org,Male,942-509-5292
625,Dorthy,MacTrustam,dmactrustamhc@reference.com,Female,597-282-0799
626,Felice,Balasin,fbalasinhd@virginia.edu,Female,725-663-1651
627,Claudie,Dyzart,cdyzarthe@ning.com,Female,683-507-8013
628,Iolande,Luxford,iluxfordhf@apple.com,Female,314-640-9661
629,Dot,Spellissy,dspellissyhg@bloglovin.com,Female,914-907-8597
630,Kasey,Rudgerd,krudgerdhh@blog.com,Female,940-844-9688
631,Wadsworth,Gravells,wgravellshi@webnode.com,Male,303-337-7007
632,Ania,McEvon,amcevonhj@dailymotion.com,Female,676-304-5006
633,Pepe,Holcroft,pholcrofthk@edublogs.org,Male,830-657-2647
634,Madalyn,Raecroft,mraecrofthl@tuttocitta.it,Female,650-678-9524
635,Smith,Nast,snasthm@hugedomains.com,Male,138-771-0149
636,Cornelius,Bloyes,cbloyeshn@goo.ne.jp,Male,530-861-5206
637,Nelli,Sergison,nsergisonho@nasa.gov,Female,913-898-8753
638,Tull,Worsnop,tworsnophp@arizona.edu,Male,132-731-1765
639,Merilee,Slot,mslothq@disqus.com,Female,586-181-7774
640,Yvonne,Braidman,ybraidmanhr@google.com,Female,686-311-9481
641,Cory,Pattingson,cpattingsonhs@mozilla.org,Male,713-139-5383
642,Geralda,Barkway,gbarkwayht@businessweek.com,Female,250-285-4863
643,Kacy,Klemencic,kklemencichu@thetimes.co.uk,Female,329-318-8683
644,Gaylene,Codlin,gcodlinhv@bizjournals.com,Female,275-739-1018
645,Nara,Baike,nbaikehw@seesaa.net,Female,343-824-0981
646,Fowler,Grzelczyk,fgrzelczykhx@vistaprint.com,Male,689-802-8489
647,Jervis,Maevela,jmaevelahy@unc.edu,Male,209-800-7641
648,Elli,Bradley,ebradleyhz@opensource.org,Female,666-856-3835
649,Efrem,Staite,estaitei0@blinklist.com,Male,682-638-8574
650,Wolfie,Darch,wdarchi1@soup.io,Male,886-275-3428
651,Carlita,Andriulis,candriulisi2@friendfeed.com,Female,864-139-4807
652,Penny,Finlay,pfinlayi3@surveymonkey.com,Male,320-698-5964
653,Ileana,Scholard,ischolardi4@umn.edu,Female,318-850-8413
654,Karim,Baxster,kbaxsteri5@is.gd,Male,860-339-7536
655,Nicol,Maryon,nmaryoni6@mail.ru,Female,465-809-7569
656,Clemmy,MacGown,cmacgowni7@spiegel.de,Female,304-138-0965
657,Valentin,Witheridge,vwitheridgei8@apple.com,Male,850-819-9091
658,Sharia,Mayzes,smayzesi9@java.com,Female,810-404-9348
659,Herbert,Gibbie,hgibbieia@latimes.com,Agender,249-757-5929
660,Marv,Folbige,mfolbigeib@nba.com,Genderqueer,731-529-2774
661,Shandy,Ricks,sricksic@cdbaby.com,Female,131-330-9133
662,Gabrielle,Lethibridge,glethibridgeid@purevolume.com,Female,546-273-1863
663,Merell,Ettles,mettlesie@patch.com,Male,320-747-5032
664,Ofella,Jonson,ojonsonif@google.es,Female,216-860-8685
665,Richmond,Daoust,rdaoustig@fda.gov,Male,122-102-5103
666,Welby,Steet,wsteetih@epa.gov,Male,830-245-6009
667,Marj,Hynes,mhynesii@washingtonpost.com,Female,887-583-6665
668,Bing,Matuszkiewicz,bmatuszkiewiczij@seesaa.net,Non-binary,623-853-7444
669,Pip,Goullee,pgoulleeik@histats.com,Male,651-315-7015
670,Lynnea,Risen,lrisenil@mediafire.com,Female,162-873-4542
671,Anneliese,Defraine,adefraineim@weather.com,Female,721-300-1113
672,Geraldine,Cainey,gcaineyin@europa.eu,Female,293-187-4711
673,Sophronia,Brumfitt,sbrumfittio@theguardian.com,Female,728-481-9770
674,Breanne,Raubenheimers,braubenheimersip@fc2.com,Female,300-814-2172
675,Minda,Ibbison,mibbisoniq@soundcloud.com,Female,542-567-0616
676,Seline,Stirley,sstirleyir@360.cn,Female,232-802-0894
677,Conway,Bloxsum,cbloxsumis@springer.com,Male,956-733-3617
678,Dian,Dive,ddiveit@reddit.com,Female,823-353-9691
679,Che,Tinston,ctinstoniu@google.fr,Male,195-798-2130
680,Marley,Ozanne,mozanneiv@ifeng.com,Female,915-815-0678
681,Lin,Crathern,lcratherniw@blinklist.com,Genderqueer,721-611-7065
682,Clywd,Ickov,cickovix@princeton.edu,Male,762-684-0528
683,Benji,O'Lynn,bolynniy@merriam-webster.com,Male,796-186-6722
684,Neely,Drogan,ndroganiz@geocities.com,Female,301-377-7975
685,Karylin,Conman,kconmanj0@ucoz.ru,Female,776-633-9280
686,Brooke,Falconer,bfalconerj1@t.co,Female,689-825-6511
687,Donnie,Darrigoe,ddarrigoej2@nih.gov,Male,742-326-8472
688,Natividad,Krop,nkropj3@indiatimes.com,Female,711-266-4405
689,Glynnis,Kirley,gkirleyj4@blogspot.com,Female,484-767-7256
690,Roanna,Bilam,rbilamj5@newyorker.com,Female,327-408-9234
691,Vonnie,Horley,vhorleyj6@cbsnews.com,Female,585-432-0104
692,Thibaud,Stidever,tstideverj7@so-net.ne.jp,Male,957-484-8284
693,Cornall,Frude,cfrudej8@dion.ne.jp,Male,486-110-2403
694,Clyde,Turfin,cturfinj9@unesco.org,Male,558-315-4873
695,Ingrim,Kelledy,ikelledyja@chron.com,Male,784-886-0124
696,Angelika,Jezzard,ajezzardjb@who.int,Female,153-597-4084
697,Floyd,Charkham,fcharkhamjc@npr.org,Male,726-256-6355
698,Noe,Bremley,nbremleyjd@technorati.com,Male,525-328-4223
699,Lay,Rimington,lrimingtonje@redcross.org,Male,238-232-2596
700,Paxton,Ballinger,pballingerjf@gov.uk,Male,266-527-5110
701,Lemar,Tungay,ltungayjg@merriam-webster.com,Male,949-891-6041
702,Willette,Dubs,wdubsjh@jigsy.com,Bigender,574-140-7967
703,Ayn,Myrie,amyrieji@sohu.com,Female,445-326-3574
704,Inge,Hearley,ihearleyjj@mozilla.org,Female,885-767-3597
705,Fredrick,Bradwell,fbradwelljk@i2i.jp,Male,642-801-9199
706,Giuditta,Misselbrook,gmisselbrookjl@tmall.com,Female,429-156-3133
707,Konrad,Danat,kdanatjm@mail.ru,Male,148-542-1571
708,Nicoli,McCaster,nmccasterjn@comcast.net,Female,505-339-0882
709,Conny,Mallebone,cmallebonejo@ebay.com,Male,952-620-8121
710,Blair,Donisthorpe,bdonisthorpejp@google.cn,Female,972-342-8247
711,Emyle,Sloam,esloamjq@squarespace.com,Female,819-345-4381
712,Morgen,McElmurray,mmcelmurrayjr@irs.gov,Female,116-137-3782
713,Berke,Scarff,bscarffjs@whitehouse.gov,Male,442-634-3704
714,Seymour,Van der Kruys,svanderkruysjt@last.fm,Male,983-709-9686
715,Loydie,Chattelaine,lchattelaineju@exblog.jp,Polygender,160-889-7411
716,Steffen,Rickett,srickettjv@tripod.com,Male,516-827-0435
717,Ted,Brenard,tbrenardjw@prnewswire.com,Female,322-378-7200
718,Meade,Matuszewski,mmatuszewskijx@slate.com,Male,721-116-1687
719,Phillip,Vynarde,pvynardejy@privacy.gov.au,Male,405-223-8950
720,Golda,Brierton,gbriertonjz@qq.com,Female,389-633-2117
721,Ancell,MacRitchie,amacritchiek0@webs.com,Male,735-362-0386
722,Patrick,Marde,pmardek1@ameblo.jp,Male,903-490-9719
723,Tanitansy,Garroch,tgarrochk2@vinaora.com,Female,230-458-3917
724,Alf,Beckinsall,abeckinsallk3@odnoklassniki.ru,Male,477-880-6878
725,Sheri,Olczyk,solczykk4@mashable.com,Female,145-627-3752
726,Tommy,Beel,tbeelk5@parallels.com,Male,605-616-6774
727,Blinnie,Molohan,bmolohank6@seesaa.net,Female,521-385-3832
728,Binny,Strothers,bstrothersk7@mozilla.com,Female,146-273-7231
729,Tarrance,Skoggins,tskogginsk8@unesco.org,Male,801-550-5633
730,Thurston,Franceschino,tfranceschinok9@constantcontact.com,Male,361-764-5626
731,Marion,Hysom,mhysomka@chronoengine.com,Female,150-824-2887
732,Orland,Pavluk,opavlukkb@meetup.com,Male,912-604-3053
733,Vladamir,Craine,vcrainekc@sohu.com,Polygender,743-687-0419
734,Essie,Jimenez,ejimenezkd@posterous.com,Female,111-267-6048
735,Fernandina,Cattermole,fcattermoleke@opera.com,Female,897-349-6491
736,Aubrie,Ellicott,aellicottkf@go.com,Female,747-160-6399
737,Lana,Valentim,lvalentimkg@plala.or.jp,Female,698-641-1532
738,Micah,Eldritt,meldrittkh@ihg.com,Male,826-580-9022
739,Nathaniel,Argabrite,nargabriteki@pbs.org,Male,486-521-9844
740,Bria,Scay,bscaykj@fastcompany.com,Female,842-613-4988
741,Gerladina,Tremaine,gtremainekk@addtoany.com,Female,672-107-1279
742,Amalie,Sabater,asabaterkl@upenn.edu,Female,257-602-9418
743,Clive,Haymes,chaymeskm@businesswire.com,Male,504-859-0290
744,Carny,Fowler,cfowlerkn@baidu.com,Male,611-947-2974
745,Dene,Monument,dmonumentko@symantec.com,Male,157-142-4507
746,Oran,Buffery,obufferykp@theatlantic.com,Male,828-163-6598
747,Benny,Treeby,btreebykq@instagram.com,Male,971-575-2730
748,Nixie,Paulack,npaulackkr@fema.gov,Female,470-728-0884
749,Vasilis,Dougliss,vdouglissks@cloudflare.com,Male,179-588-8539
750,Fielding,Gealle,fgeallekt@va.gov,Male,741-328-0179
751,Rogerio,Prandin,rprandinku@newyorker.com,Male,991-192-3802
752,Ardith,Bigrigg,abigriggkv@npr.org,Female,357-876-2602
753,Merwin,Ickov,mickovkw@netlog.com,Male,562-867-1747
754,Emiline,Swires,eswireskx@japanpost.jp,Female,831-722-2095
755,Regen,Coon,rcoonky@clickbank.net,Male,335-598-5677
756,Godart,Baigrie,gbaigriekz@tuttocitta.it,Male,499-241-2530
757,Decca,Morsom,dmorsoml0@wikispaces.com,Male,762-351-1655
758,Evie,Yancey,eyanceyl1@drupal.org,Female,165-500-1688
759,Gabey,Andrez,gandrezl2@discuz.net,Female,185-226-3836
760,Barth,Stickings,bstickingsl3@bluehost.com,Male,995-652-7211
761,Christoforo,Karpe,ckarpel4@newyorker.com,Polygender,643-378-9566
762,Gino,Bohills,gbohillsl5@oaic.gov.au,Male,908-162-4974
763,Wilhelm,Soff,wsoffl6@youtube.com,Male,792-102-4455
764,Ethe,Haveline,ehavelinel7@purevolume.com,Male,861-679-1650
765,Seamus,Dunnan,sdunnanl8@shop-pro.jp,Polygender,229-556-0258
766,Donella,Celiz,dcelizl9@deliciousdays.com,Female,367-477-9890
767,Celine,Bouette,cbouettela@shutterfly.com,Female,750-172-8032
768,Dorothea,Turone,dturonelb@comsenz.com,Female,896-117-5701
769,Carrie,Charrette,ccharrettelc@mlb.com,Female,264-432-7803
770,Yorgo,Sainsbury,ysainsburyld@studiopress.com,Non-binary,544-432-5007
771,Raffarty,Odgers,rodgersle@salon.com,Male,842-580-1194
772,Jobey,Mumm,jmummlf@ning.com,Female,995-490-3815
773,Jaine,MacGiolla,jmacgiollalg@marketwatch.com,Female,577-321-5754
774,Welby,Canwell,wcanwelllh@flavors.me,Male,742-826-3900
775,Angeline,Attersoll,aattersollli@spotify.com,Female,628-120-4066
776,Zelda,Mynett,zmynettlj@tiny.cc,Female,521-384-8207
777,Scarlet,Giacomello,sgiacomellolk@arizona.edu,Female,815-914-1348
778,Efrem,Kliner,eklinerll@wired.com,Male,782-536-1512
779,Otes,Bohl,obohllm@skyrock.com,Male,470-164-6677
780,Deni,Papez,dpapezln@weather.com,Female,538-945-4866
781,Arv,Roger,arogerlo@dion.ne.jp,Polygender,501-662-0197
782,Madel,Everix,meverixlp@amazon.com,Female,505-315-4624
783,Broderic,Wines,bwineslq@buzzfeed.com,Male,918-385-3609
784,Kinna,Hollingdale,khollingdalelr@census.gov,Female,401-581-8833
785,Filmer,Petrik,fpetrikls@liveinternet.ru,Male,129-303-2852
786,Orelee,Tomovic,otomoviclt@slashdot.org,Female,162-106-9807
787,Janeva,Whittle,jwhittlelu@dailymotion.com,Non-binary,906-861-3064
788,Marilyn,Lindenbaum,mlindenbaumlv@deliciousdays.com,Bigender,231-880-4941
789,Harper,Stanmer,hstanmerlw@wsj.com,Male,251-451-5411
790,Georgianne,Friatt,gfriattlx@alexa.com,Female,595-257-1989
791,Morty,Wardingly,mwardinglyly@wired.com,Male,576-360-9865
792,Gilda,Fitzsimmons,gfitzsimmonslz@wordpress.org,Female,190-933-6356
793,Scottie,Furtado,sfurtadom0@amazon.de,Male,824-640-1696
794,Wendall,Tookey,wtookeym1@amazon.co.uk,Male,792-318-5278
795,Cristobal,LaBastida,clabastidam2@cargocollective.com,Male,159-902-4801
796,Garwood,Heading,gheadingm3@quantcast.com,Male,898-137-8128
797,Alejandrina,Shead,asheadm4@macromedia.com,Female,704-655-4021
798,Arlen,Southworth,asouthworthm5@microsoft.com,Genderqueer,656-105-9919
799,Shayne,Greatreax,sgreatreaxm6@sbwire.com,Female,917-247-2953
800,Lianna,Antonijevic,lantonijevicm7@whitehouse.gov,Female,971-719-7569
801,Annemarie,Butterley,abutterleym8@seattletimes.com,Female,616-292-5681
802,Stanley,Pride,spridem9@phoca.cz,Male,344-167-0571
803,Nevsa,Piperley,npiperleyma@google.co.jp,Agender,600-852-5515
804,Alfie,Ruseworth,aruseworthmb@prweb.com,Female,599-136-5745
805,Shandie,Harkus,sharkusmc@mozilla.org,Female,671-871-2448
806,Storm,Mungin,smunginmd@goodreads.com,Female,124-283-9959
807,Julienne,Askell,jaskellme@ftc.gov,Female,575-264-6093
808,Jenn,Normanvell,jnormanvellmf@springer.com,Female,950-705-5547
809,Gannie,Coppock.,gcoppockmg@fc2.com,Male,618-368-2718
810,Sloane,Jacques,sjacquesmh@behance.net,Male,975-486-8642
811,Marjie,Bolens,mbolensmi@irs.gov,Female,385-213-2223
812,Carmencita,Janouch,cjanouchmj@yolasite.com,Female,180-321-8713
813,Cheri,Moseley,cmoseleymk@pinterest.com,Female,634-817-1184
814,Elysia,Ellsworthe,eellswortheml@hud.gov,Female,196-419-2802
815,Serge,Bumford,sbumfordmm@google.fr,Male,812-644-0948
816,Sandro,Formilli,sformillimn@umn.edu,Male,358-209-9530
817,Danyelle,Summersby,dsummersbymo@imageshack.us,Female,858-268-9770
818,Tiebold,Titheridge,ttitheridgemp@list-manage.com,Male,627-500-4505
819,Merwin,Staniforth,mstaniforthmq@theatlantic.com,Male,257-712-7857
820,Di,Marqyes,dmarqyesmr@google.fr,Female,346-437-4818
821,Edithe,Gorling,egorlingms@123-reg.co.uk,Female,113-348-4180
822,Torrie,Monini,tmoninimt@unc.edu,Female,843-137-7671
823,Roy,Nestor,rnestormu@wired.com,Male,154-441-7874
824,Tracy,Szabo,tszabomv@themeforest.net,Male,641-418-5124
825,Harlin,Erasmus,herasmusmw@wired.com,Male,351-722-4639
826,Aldus,Wilsone,awilsonemx@naver.com,Agender,846-601-7529
827,Harman,Graffin,hgraffinmy@stumbleupon.com,Male,769-773-6618
828,Ray,Richings,rrichingsmz@pbs.org,Female,630-103-5689
829,Kathe,Rippin,krippinn0@ow.ly,Female,762-868-9296
830,Barth,Dilrew,bdilrewn1@people.com.cn,Male,853-479-7836
831,Alecia,Michele,amichelen2@princeton.edu,Polygender,627-507-3373
832,Alvan,Baston,abastonn3@prlog.org,Male,594-797-7244
833,Elisha,Taffs,etaffsn4@ameblo.jp,Genderqueer,246-928-1579
834,Cheston,Cleiment,ccleimentn5@tripod.com,Male,997-551-5512
835,Kitti,Trodden,ktroddenn6@istockphoto.com,Female,325-992-4028
836,Dinny,Ucchino,ducchinon7@domainmarket.com,Female,242-553-6260
837,Myrtice,Gilcrist,mgilcristn8@umn.edu,Female,752-478-8734
838,Cammie,Bruniges,cbrunigesn9@ebay.co.uk,Female,133-617-6349
839,Concordia,Teodorski,cteodorskina@slashdot.org,Female,714-101-1958
840,Raychel,Leathard,rleathardnb@aboutads.info,Female,762-642-6121
841,Tomasine,Spridgeon,tspridgeonnc@jimdo.com,Female,893-267-0333
842,Baxy,Kernock,bkernocknd@networksolutions.com,Male,906-983-3181
843,Monica,Crathorne,mcrathornene@printfriendly.com,Female,679-394-2906
844,Evvie,Feldhammer,efeldhammernf@wikimedia.org,Female,578-513-6605
845,Merilee,Hatz,mhatzng@virginia.edu,Female,657-847-5195
846,Cal,Stidston,cstidstonnh@list-manage.com,Female,459-795-2547
847,Channa,Geffen,cgeffenni@chron.com,Polygender,810-394-1031
848,Berny,Roscrigg,broscriggnj@yellowbook.com,Female,184-884-8345
849,Fabe,Antosch,fantoschnk@uiuc.edu,Male,403-645-3218
850,Woodman,Andersson,wanderssonnl@unc.edu,Male,713-304-4862
851,Donovan,Litton,dlittonnm@bing.com,Male,427-458-9019
852,Damon,McIlwaine,dmcilwainenn@barnesandnoble.com,Male,551-834-5268
853,Aldous,Aleksankin,aaleksankinno@nymag.com,Male,664-344-7602
854,Emlynne,Batsford,ebatsfordnp@buzzfeed.com,Female,812-755-4330
855,Melessa,Clancey,mclanceynq@walmart.com,Genderqueer,878-594-3771
856,Forrester,Bayldon,fbayldonnr@opensource.org,Male,633-786-3384
857,Eugenio,Pancoast,epancoastns@a8.net,Male,670-633-8026
858,Rosemaria,Bassford,rbassfordnt@cdc.gov,Female,917-984-9017
859,Ricard,Hallows,rhallowsnu@usatoday.com,Male,147-528-7804
860,Saleem,Jenny,sjennynv@elpais.com,Male,203-349-3408
861,Natal,Bothram,nbothramnw@bloglovin.com,Male,199-932-7336
862,Marsh,Ransome,mransomenx@wiley.com,Male,255-476-7171
863,Horacio,Crunden,hcrundenny@infoseek.co.jp,Male,370-151-2179
864,Hartley,Miller,hmillernz@buzzfeed.com,Male,398-803-7907
865,Nilson,Ferrero,nferreroo0@patch.com,Male,685-382-5210
866,Kenna,Faughny,kfaughnyo1@last.fm,Genderfluid,706-319-5720
867,Sonnie,Pawnsford,spawnsfordo2@tmall.com,Female,855-437-8960
868,Rod,Wisam,rwisamo3@mlb.com,Male,303-755-6996
869,Nickolai,Drugan,ndrugano4@cyberchimps.com,Male,282-711-0206
870,Lilly,McGillivrie,lmcgillivrieo5@marketwatch.com,Female,581-644-5291
871,Bentlee,Hardan,bhardano6@sakura.ne.jp,Male,986-159-2409
872,Mordecai,Demead,mdemeado7@wix.com,Male,474-290-6531
873,Karalynn,Bedward,kbedwardo8@ed.gov,Female,254-320-8396
874,Oliver,Rohlfs,orohlfso9@jigsy.com,Male,147-478-2805
875,Susan,Drummer,sdrummeroa@smugmug.com,Female,608-128-4133
876,Rivkah,Boumphrey,rboumphreyob@purevolume.com,Female,701-251-6151
877,Juliann,Mabbett,jmabbettoc@go.com,Female,161-605-9474
878,Ginny,Crippill,gcrippillod@delicious.com,Female,800-950-3832
879,Conrado,Hagerty,chagertyoe@cocolog-nifty.com,Bigender,107-832-5041
880,Wilt,Daish,wdaishof@disqus.com,Genderqueer,401-163-3314
881,Dame,Gemlbett,dgemlbettog@1688.com,Male,736-627-2601
882,Dore,Castellet,dcastelletoh@wired.com,Female,960-918-7978
883,Ardenia,Smales,asmalesoi@is.gd,Female,334-798-4539
884,Guy,Prestner,gprestneroj@ox.ac.uk,Male,535-916-9035
885,Adrienne,Hairon,ahaironok@pagesperso-orange.fr,Female,815-446-7089
886,North,Darbey,ndarbeyol@nsw.gov.au,Male,712-169-4125
887,Natale,Spray,nsprayom@csmonitor.com,Bigender,812-734-4746
888,Kassia,Edington,kedingtonon@hao123.com,Female,128-534-8972
889,Elihu,Mulcaster,emulcasteroo@altervista.org,Male,152-490-0688
890,Zarah,Privost,zprivostop@adobe.com,Female,615-174-3827
891,Carmela,Conneely,cconneelyoq@columbia.edu,Female,365-414-7931
892,Killy,Vonderdell,kvonderdellor@ca.gov,Male,405-667-4947
893,Richmond,Larham,rlarhamos@purevolume.com,Male,443-821-4612
894,Cherye,Isaq,cisaqot@e-recht24.de,Female,579-384-5196
895,Broderick,Keaton,bkeatonou@scribd.com,Male,747-602-4030
896,Rex,Maker,rmakerov@amazon.com,Agender,560-432-6858
897,Gwyneth,Bragger,gbraggerow@arstechnica.com,Female,282-586-6310
898,Barnaby,Arbon,barbonox@yahoo.co.jp,Male,496-797-8615
899,Clarey,Harvie,charvieoy@prlog.org,Female,275-468-0876
900,Goraud,Beston,gbestonoz@wordpress.com,Male,712-297-6586
901,Rhona,Baudinet,rbaudinetp0@timesonline.co.uk,Female,654-363-0795
902,Udell,Wherrit,uwherritp1@home.pl,Male,469-104-7017
903,Evonne,Allsopp,eallsoppp2@europa.eu,Female,365-877-2022
904,Rosemary,Fenty,rfentyp3@ucla.edu,Female,713-849-5430
905,Sammy,Treweek,streweekp4@tripod.com,Female,318-505-5238
906,Neil,Botton,nbottonp5@linkedin.com,Male,206-872-3283
907,Jessika,Collens,jcollensp6@blogtalkradio.com,Female,999-418-8215
908,Abbey,Guilloneau,aguilloneaup7@nifty.com,Male,696-695-5910
909,Roze,Dickons,rdickonsp8@fotki.com,Female,724-867-5569
910,Rycca,Gowers,rgowersp9@vkontakte.ru,Female,333-741-3450
911,Gabbie,Storrah,gstorrahpa@amazon.co.jp,Male,190-954-9460
912,Netty,Forker,nforkerpb@list-manage.com,Female,380-184-5425
913,Kingsly,Beadel,kbeadelpc@ocn.ne.jp,Male,218-661-9927
914,Silvain,Rhymes,srhymespd@woothemes.com,Agender,980-542-2697
915,Lorena,Ort,lortpe@nbcnews.com,Female,723-912-8521
916,Gerik,Row,growpf@miitbeian.gov.cn,Male,357-155-4649
917,Cthrine,Gennrich,cgennrichpg@slideshare.net,Female,659-958-8189
918,Justinian,Satterfitt,jsatterfittph@gnu.org,Male,207-358-0804
919,Uriel,Stanlick,ustanlickpi@sun.com,Male,355-978-6833
920,Jemimah,Alcoran,jalcoranpj@booking.com,Female,739-694-8866
921,Washington,Issac,wissacpk@sphinn.com,Male,367-768-9118
922,Kathi,Nimmo,knimmopl@diigo.com,Female,455-142-8660
923,Marty,Mattiessen,mmattiessenpm@vistaprint.com,Female,626-763-7365
924,Natala,Doldon,ndoldonpn@usda.gov,Female,591-113-2424
925,Vasily,Iowarch,viowarchpo@bbb.org,Male,701-525-7068
926,Garik,Scaice,gscaicepp@fema.gov,Male,785-348-1361
927,Marylou,Isley,misleypq@w3.org,Female,691-470-0901
928,Tyson,De Mattia,tdemattiapr@squidoo.com,Male,655-280-9256
929,Emmott,Petkovic,epetkovicps@weibo.com,Male,422-634-8540
930,Maiga,Wellstood,mwellstoodpt@bbb.org,Female,501-131-1357
931,Llywellyn,Bastable,lbastablepu@e-recht24.de,Male,971-720-9234
932,Bram,McClaren,bmcclarenpv@typepad.com,Male,802-752-1378
933,Fifi,Strong,fstrongpw@salon.com,Female,719-773-8838
934,Sher,Yewman,syewmanpx@si.edu,Female,578-864-9779
935,Tabby,Neilson,tneilsonpy@mediafire.com,Male,628-821-5775
936,Paddy,Fridaye,pfridayepz@freewebs.com,Male,298-107-4894
937,Richard,Callicott,rcallicottq0@gravatar.com,Male,164-440-0571
938,Madel,Howle,mhowleq1@yellowbook.com,Female,108-888-0047
939,Gaultiero,Grinaugh,ggrinaughq2@arizona.edu,Polygender,977-621-7034
940,Hortensia,Hlavecek,hhlavecekq3@t-online.de,Female,906-403-6076
941,Corrine,Rysdale,crysdaleq4@livejournal.com,Female,259-180-9804
942,Honoria,Brimham,hbrimhamq5@blogger.com,Female,618-805-8938
943,Donny,Willder,dwillderq6@barnesandnoble.com,Male,276-985-6704
944,Tonya,Aleavy,taleavyq7@homestead.com,Female,816-224-6117
945,Noland,Feye,nfeyeq8@opera.com,Male,259-743-4928
946,Lev,Pedycan,lpedycanq9@artisteer.com,Male,918-532-1383
947,Sheffie,Kloser,skloserqa@nationalgeographic.com,Male,253-735-4930
948,Jerrie,Matys,jmatysqb@topsy.com,Male,313-124-9441
949,Marcellina,Rappaport,mrappaportqc@google.pl,Female,849-535-3889
950,Rickie,Corkel,rcorkelqd@yolasite.com,Female,185-422-5038
951,Gardiner,Cleveley,gcleveleyqe@umich.edu,Male,931-929-2095
952,Austin,Shipp,ashippqf@bbb.org,Female,268-976-8035
953,Andres,Collihole,acolliholeqg@naver.com,Male,124-122-5212
954,Kippie,Littrell,klittrellqh@zdnet.com,Female,191-258-1809
955,Bethany,Orans,boransqi@amazon.com,Female,911-978-4333
956,Norbie,Oriel,norielqj@vimeo.com,Male,107-532-3069
957,Yancey,Bourthoumieux,ybourthoumieuxqk@nih.gov,Male,816-335-0120
958,Hazel,Real,hrealql@blogtalkradio.com,Male,139-263-7260
959,Sheri,Segot,ssegotqm@bloomberg.com,Female,415-923-0759
960,Hortensia,Silverstone,hsilverstoneqn@baidu.com,Female,293-615-6416
961,Effie,MacCumeskey,emaccumeskeyqo@fastcompany.com,Female,714-394-2809
962,Birgitta,Gilmartin,bgilmartinqp@google.de,Female,358-546-6019
963,Caryl,Favell,cfavellqq@fotki.com,Female,321-721-9658
964,Theodor,Andre,tandreqr@latimes.com,Male,834-335-4886
965,Shannon,Mein,smeinqs@uiuc.edu,Female,487-803-1562
966,Gene,Fowley,gfowleyqt@linkedin.com,Female,793-867-3822
967,Larry,Syphas,lsyphasqu@xrea.com,Male,181-177-6414
968,Carrol,Larmour,clarmourqv@earthlink.net,Male,314-410-8732
969,Farrah,Allsworth,fallsworthqw@webnode.com,Female,516-321-6332
970,Parnell,Stanners,pstannersqx@wordpress.org,Polygender,354-369-5455
971,Kirbie,Dunkerley,kdunkerleyqy@delicious.com,Female,461-760-3670
972,Sylas,Harkus,sharkusqz@uiuc.edu,Male,652-430-8595
973,Fey,Hiscoke,fhiscoker0@mapy.cz,Female,115-178-0236
974,Codee,Pharoah,cpharoahr1@globo.com,Female,578-369-8361
975,Cornelia,Stoate,cstoater2@storify.com,Female,399-169-3989
976,Maurine,Wrassell,mwrassellr3@booking.com,Female,222-293-6843
977,Shelley,Slowley,sslowleyr4@mit.edu,Non-binary,263-732-1967
978,Silvain,Garmston,sgarmstonr5@netscape.com,Male,497-705-2165
979,Elita,Penley,epenleyr6@e-recht24.de,Female,768-486-3067
980,Kathryn,Gouthier,kgouthierr7@zdnet.com,Genderqueer,977-569-9395
981,Clerc,Casperri,ccasperrir8@whitehouse.gov,Male,771-116-9659
982,Brandi,Gennings,bgenningsr9@nydailynews.com,Female,979-206-3980
983,Vale,Very,vveryra@surveymonkey.com,Female,272-733-5371
984,June,Molder,jmolderrb@symantec.com,Female,795-105-9482
985,Christy,Pickersail,cpickersailrc@behance.net,Female,293-627-9482
986,Nathanial,Feathersby,nfeathersbyrd@mlb.com,Male,523-463-1429
987,Osgood,Sconce,osconcere@whitehouse.gov,Male,750-247-1931
988,Reeba,Pepi,rpepirf@freewebs.com,Female,335-111-4218
989,Morie,Scutter,mscutterrg@dedecms.com,Male,145-659-0188
990,Alexio,Lugton,alugtonrh@paginegialle.it,Male,428-497-2841
991,Leisha,Maydwell,lmaydwellri@photobucket.com,Polygender,122-718-5283
992,Corenda,Mantz,cmantzrj@hud.gov,Female,594-742-4330
993,Rudyard,Drinnan,rdrinnanrk@simplemachines.org,Male,522-784-1652
994,Alexina,Doe,adoerl@blogger.com,Female,664-775-5138
995,Aurea,Blakes,ablakesrm@timesonline.co.uk,Female,168-457-0260
996,Maisie,Kupper,mkupperrn@ow.ly,Female,904-274-5902
997,Jody,Byng,jbyngro@bloglovin.com,Female,767-976-3993
998,Noel,Fearick,nfearickrp@aol.com,Female,387-549-4914
999,Rainer,Lambourn,rlambournrq@about.com,Agender,221-982-3289
1000,Herschel,Thompsett,hthompsettrr@alibaba.com,Male,695-736-0036
